Marie,Female,"[['Chemistry', 'F6', 'Donald',35,4], ['Geography', 'C3', 'Karen',20,7], ['Math', 'B2', 'Smiley',15,0], ['History', 'D4', 'Simon',25,4], ['Physics', 'E5', 'Kelly',30,2]]",www.schoolpictures.com/838481
Kate,Female,"[['Physics', 'E5', 'Kelly',30,2], ['Geography', 'C3', 'Karen',20,7]]",www.schoolpictures.com/344605
John,Female,"[['Physics', 'E5', 'Kelly',30,2]]",www.schoolpictures.com/220065
Kate,Male,"[['Geography', 'C3', 'Karen',20,7]]",www.schoolpictures.com/356338
Kate,Female,"[['Physics', 'E5', 'Kelly',30,2], ['Chemistry', 'F6', 'Donald',35,4]]",www.schoolpictures.com/534019
Roy,Male,"[['Math', 'B2', 'Smiley',15,0], ['Geography', 'C3', 'Karen',20,7], ['Biology', 'A1', 'George',10,2], ['History', 'D4', 'Simon',25,4], ['Chemistry', 'F6', 'Donald',35,4], ['Physics', 'E5', 'Kelly',30,2]]",www.schoolpictures.com/758694
Kate,Male,"[['Biology', 'A1', 'George',10,2], ['Chemistry', 'F6', 'Donald',35,4], ['Geography', 'C3', 'Karen',20,7], ['Math', 'B2', 'Smiley',15,0]]",www.schoolpictures.com/159251
Keith,Female,"[['Math', 'B2', 'Smiley',15,0], ['Geography', 'C3', 'Karen',20,7], ['Biology', 'A1', 'George',10,2], ['Chemistry', 'F6', 'Donald',35,4], ['History', 'D4', 'Simon',25,4]]",www.schoolpictures.com/147488
Keith,Male,"[['Geography', 'C3', 'Karen',20,7], ['Math', 'B2', 'Smiley',15,0], ['History', 'D4', 'Simon',25,4], ['Physics', 'E5', 'Kelly',30,2]]",www.schoolpictures.com/569963
Fred,Female,"[['Math', 'B2', 'Smiley',15,0], ['Physics', 'E5', 'Kelly',30,2], ['Geography', 'C3', 'Karen',20,7], ['History', 'D4', 'Simon',25,4], ['Chemistry', 'F6', 'Donald',35,4]]",www.schoolpictures.com/796209
